{"accuracy":{"abstract_algebra":0.2,"anatomy":0.6888888889,"astronomy":0.7236842105,"business_ethics":0.61,"clinical_knowledge":0.6943396226,"college_biology":0.75,"college_chemistry":0.45,"college_computer_science":0.57,"college_mathematics":0.35,"college_medicine":0.6184971098,"college_physics":0.4215686275,"computer_security":0.79,"conceptual_physics":0.5234042553,"econometrics":0.5438596491,"electrical_engineering":0.5310344828,"elementary_mathematics":0.4285714286,"formal_logic":0.4444444444,"global_facts":0.42,"high_school_biology":0.7967741935,"high_school_chemistry":0.4532019704,"high_school_computer_science":0.75,"high_school_european_history":0.696969697,"high_school_geography":0.7828282828,"high_school_government_and_politics":0.8082901554,"high_school_macroeconomics":0.5897435897,"high_school_mathematics":0.3,"high_school_microeconomics":0.6512605042,"high_school_physics":0.3774834437,"high_school_psychology":0.7834862385,"high_school_statistics":0.5277777778,"high_school_us_history":0.7401960784,"high_school_world_history":0.7974683544,"human_aging":0.6322869955,"human_sexuality":0.7099236641,"international_law":0.7520661157,"jurisprudence":0.75,"logical_fallacies":0.6564417178,"machine_learning":0.4464285714,"management":0.7572815534,"marketing":0.8290598291,"medical_genetics":0.73,"miscellaneous":0.7969348659,"moral_disputes":0.6329479769,"moral_scenarios":0.3877094972,"nutrition":0.6993464052,"philosophy":0.6366559486,"prehistory":0.6759259259,"professional_accounting":0.4645390071,"professional_law":0.4563233377,"professional_medicine":0.7169117647,"professional_psychology":0.635620915,"public_relations":0.6090909091,"security_studies":0.7265306122,"sociology":0.8059701493,"us_foreign_policy":0.85,"virology":0.5,"world_religions":0.7894736842}}